,X,Y,Type
0,1.5784191,2.0273526,1
1,5.9967995,0.5534552,1
2,3.7357054,0.8959979,1
3,10.699476,-9.397466,1
4,1.5468019,3.5781598,1
5,3.8677711,0.124746084,1
6,2.1141193,4.119939,1
7,2.3411937,2.0692573,1
8,4.753039,-0.38249984,1
9,-3.0358837,-2.3515954,1
10,2.161769,3.2332885,1
11,10.596655,-9.392641,1
12,10.902977,-6.6859856,1
13,11.746832,-5.133715,1
14,5.7865367,-12.4630995,1
15,-2.9214246,-2.3433216,1
16,7.8408666,0.7184725,1
17,9.519829,-4.252728,1
18,3.3600416,3.2250817,1
19,4.42288,1.8699169,1
20,5.056495,1.3220954,1
21,1.4460089,2.9481792,1
22,4.332953,1.1652969,1
23,5.073785,0.46809524,1
24,2.7763412,2.8811126,1
25,10.163611,-1.0005639,1
26,3.9045937,-0.4786791,1
27,10.262324,-7.8453298,1
28,11.032008,-8.513731,1
29,5.3833675,1.839247,1
30,12.326084,-8.72736,1
31,16.558977,11.24088,1
32,6.4644527,1.1262201,1
33,4.5425267,0.27353704,1
34,14.647953,-2.8505435,1
35,15.682415,-9.1162195,1
36,3.1386352,3.935475,1
37,2.8327365,2.2390666,1
38,-5.7211404,-9.858183,1
39,-5.6985703,-9.862256,1
40,6.0931196,0.0570421,1
41,12.23865,-1.1188422,1
42,15.321351,-24.79031,1
43,14.646227,-25.971266,1
44,15.871691,-27.015457,1
45,15.84185,-25.305182,1
46,1.1225202,-9.31009,1
47,15.727399,-9.169081,1
48,-12.297324,-11.062965,1
49,7.06715,14.166085,1
50,7.3836083,9.709879,1
51,15.266454,-25.863613,1
52,17.166933,-25.847641,1
53,15.526832,-11.4187155,1
54,5.8843737,13.929405,1
55,-8.730386,-0.4969869,1
56,6.42127,-10.94643,1
57,15.828328,-23.799511,1
58,-13.890405,-12.439358,1
59,-13.261036,-12.339209,1
60,-13.57596,-12.382339,1
61,12.925066,15.019213,1
62,12.898908,15.008507,1
63,-11.90449,2.298948,1
64,-12.116942,3.7836876,1
65,11.879635,-10.61805,1
66,12.838496,-10.12182,1
67,12.329437,-9.971215,1
68,7.2731943,14.758687,1
69,12.999644,-7.8966026,1
70,-11.8764,-8.122977,1
71,-11.174793,-7.842766,1
72,15.492426,-11.370204,1
73,6.3788567,-11.752234,1
74,9.719393,-4.287396,1
75,11.550583,11.182498,1
76,7.0051527,14.241747,1
77,3.1875572,0.3888664,1
78,-15.166383,0.010420219,1
79,10.922194,-10.175815,1
80,6.3359814,-9.632354,1
81,4.666295,10.818929,1
82,-5.1899014,-22.662464,1
83,11.540926,11.212127,1
84,5.9821777,10.2540865,1
85,-4.327486,-9.83587,1
86,-3.6733088,-23.835468,1
87,11.567285,-10.684308,1
88,3.5898366,15.872995,1
89,7.9041514,12.224244,1
90,17.467905,11.257778,1
91,-19.445337,-8.926886,1
92,-4.2468743,-23.126133,1
93,-3.838277,-22.357185,1
94,-4.9613256,-23.638304,1
95,-18.395826,-9.528407,1
96,6.957342,-13.384977,1
97,6.76017,16.529613,1
98,3.7311676,16.0998,1
99,15.989226,-26.113789,1
100,-3.2797158,-21.915394,1
101,-4.3394666,-21.987114,1
102,6.904732,-13.342633,1
103,11.491556,11.210888,1
104,7.073264,9.592147,1
105,-8.740347,-0.5012682,1
106,-0.19444278,-19.189602,1
107,-15.167468,0.018238494,1
108,16.355995,11.243733,1
109,9.064844,17.462448,1
110,-2.4858458,-22.218403,1
111,3.1435351,15.349812,1
112,6.2315187,-9.218671,1
113,8.255996,10.349096,1
114,-3.3567917,-25.04085,1
115,-1.6300203,-24.159727,1
116,-5.8883734,-24.417501,1
117,-3.6991189,-22.833162,1
118,-12.010926,-7.9888725,1
119,-1.4104006,-24.456963,1
120,-0.26894087,-21.014008,1
121,7.235379,9.900572,1
122,-3.2393208,-23.835789,1
123,-5.787063,-2.3136942,1
124,-4.3953986,-5.3751035,1
125,6.7982764,-13.259622,1
126,-7.5530806,-5.0289483,1
127,-17.860899,-9.566003,1
128,-4.7577806,-9.963521,1
129,-5.4768734,-21.25766,1
130,17.061586,-24.677952,1
131,15.2522745,-26.401705,1
132,14.113115,-25.20133,1
133,-13.189977,-11.954785,1
134,14.029944,-26.534517,1
135,13.941501,-24.316437,1
136,-11.539277,-7.8572264,1
137,-4.247327,-24.505314,1
138,-18.25627,-9.20927,1
139,-18.04769,-9.209102,1
140,-0.059787944,-19.269821,1
141,-7.5242457,-5.114746,1
142,-13.018812,-13.678175,1
143,-7.8841944,-3.848409,1
144,-5.0498085,-20.48547,1
145,13.5063715,-25.758802,1
146,14.721944,-27.068518,1
147,-1.27444,-19.08525,1
148,-14.148575,-9.7524185,1
149,9.921268,17.807238,1
150,-18.241898,-10.516994,1
151,14.786292,-25.128277,1
152,-2.9031065,-22.99938,1
153,8.468147,14.779958,1
154,-0.8471635,-22.399343,1
155,16.527998,-24.217293,1
156,-4.970458,-20.943373,1
157,-6.863502,-21.908133,1
158,-14.187979,-9.630971,1
159,-4.3828483,-13.276168,1
160,-4.9352255,4.907191,0
161,-8.866239,17.486832,0
162,-10.165031,17.721453,0
163,-10.803188,13.016122,0
164,-11.774771,16.463377,0
165,-11.274585,13.119562,0
166,-11.847062,13.311286,0
167,2.8743758,7.0994267,0
168,12.850011,-1.3966076,0
169,-1.9544773,14.616992,0
170,-11.926901,4.737427,0
171,-5.034589,7.389224,0
172,-7.8594246,12.834057,0
173,-6.9658036,10.656424,0
174,-8.852816,12.523629,0
175,-5.354016,9.888791,0
176,-8.169903,10.779496,0
177,-10.295867,17.186094,0
178,-11.114861,16.214222,0
179,-14.424761,10.187936,0
180,-13.733962,10.039999,0
181,-14.218457,11.652643,0
182,-3.1956718,2.0716133,0
183,-7.085587,7.3842826,0
184,-6.9070215,5.0169497,0
185,-7.606417,19.952938,0
186,-2.8842041,8.24974,0
187,-12.8303585,10.133989,0
188,2.8528605,7.04811,0
189,1.3992343,7.714624,0
190,2.0079436,7.9684277,0
191,-2.5623944,1.2568346,0
192,-4.8105974,11.835063,0
193,-4.716583,9.592643,0
194,4.7158613,6.385961,0
195,-1.7869699,3.3996098,0
196,-0.34161907,9.272451,0
197,-3.4153767,16.839241,0
198,3.3788478,-2.784552,0
199,1.7050503,-1.8207579,0
200,-7.7865562,14.249884,0
201,-7.9114966,14.249351,0
202,-2.9399264,1.4283322,0
203,-1.9301888,3.2985053,0
204,-8.855231,18.92844,0
205,-7.3197093,4.558478,0
206,-7.2553277,9.561355,0
207,-14.420937,9.920071,0
208,-8.661185,15.242671,0
209,-9.303827,17.592762,0
210,-18.328161,11.401803,0
211,-17.957474,11.012801,0
212,-8.039828,11.724207,0
213,-5.5816164,7.3890314,0
214,-6.4268546,11.863804,0
215,-13.581405,10.648419,0
216,-11.105777,10.490741,0
217,-11.093789,4.526537,0
218,-6.753197,3.5153522,0
219,-10.451114,15.930079,0
220,-1.2971877,0.60739166,0
221,14.461491,0.860664,0
222,14.429328,0.4283733,0
223,-3.2377717,5.997774,0
224,-6.7178755,12.182605,0
225,-9.676472,7.790553,0
226,-13.522442,11.037243,0
227,-2.7479956,8.233374,0
228,5.698816,-3.0011563,0
229,-11.458786,5.758256,0
230,2.0299582,-2.8821979,0
231,-11.619804,13.032591,0
232,-2.2349398,5.48957,0
233,4.5134325,6.388311,0
234,1.3303479,-5.80802,0
235,0.0666902,-3.0721169,0
236,0.852295,-3.0727422,0
237,7.3220177,5.0187316,0
238,-4.2274437,14.805935,0
239,-18.295498,10.752229,0
240,15.313238,-2.4643524,0
241,9.562719,5.164271,0
242,6.2487097,-1.761807,0
243,-19.011602,10.877288,0
244,12.779637,-1.3955326,0
245,8.740059,5.3489666,0
246,-0.44751796,4.9184403,0
247,-9.755699,7.85235,0
248,-3.905901,1.2187783,0
249,14.648003,1.9824528,0
250,10.158134,3.419527,0
251,9.815217,5.63338,0
252,14.897657,-1.3790281,0
253,-7.226316,20.289331,0
254,-7.902411,9.6285515,0
255,9.227379,5.7821894,0
256,15.2745495,1.8762872,0
257,11.339705,3.7709606,0
258,11.494879,4.485606,0
259,0.53114927,8.151491,0
260,-1.6208869,8.414932,0
261,14.785167,5.925386,0
262,-0.86333466,-5.4463325,0
263,0.0590234,4.4492445,0
264,-6.1577134,4.2434196,0
265,-5.8820796,3.970898,0
266,1.1094095,-1.7486231,0
267,-9.507104,18.281122,0
268,-6.48623,5.538762,0
269,-0.3949843,7.354756,0
270,11.548041,4.903757,0
271,1.8312207,-1.6584479,0
272,1.6377437,7.544395,0
273,-6.804981,20.440668,0
274,1.8275781,-6.0998125,0
275,12.20712,5.743756,0
276,12.055883,5.825472,0
277,14.733125,5.928247,0
278,-6.928507,5.8945084,0
279,-7.6902795,10.614646,0
280,-4.139496,7.2043324,0
281,13.323875,0.08725047,0
282,9.397024,6.0195684,0
283,-6.9923973,14.604285,0
284,-5.9659634,9.359332,0
285,-4.0795536,14.928375,0
286,5.5870595,2.895375,0
287,-11.00435,10.487539,0
288,6.125786,-1.877427,0
289,15.027873,-1.1148305,0
290,-2.4084873,1.0767772,0
291,13.210408,-0.2842155,0
292,-5.7553725,6.4882655,0
293,0.12103895,-2.97034,0
294,-18.737139,11.420893,0
295,-0.8203451,13.135805,0
296,-1.9976577,13.354776,0
297,-3.544688,16.128235,0
298,-12.057901,6.363299,0
299,-11.084424,5.3253403,0
300,14.783757,5.9496536,0
301,-2.814921,16.730247,0
302,7.1041403,-1.926031,0
303,12.610084,-4.304822,0
304,-0.84118366,-5.9915776,0
305,-2.8279278,12.164272,0
306,0.45262632,-10.800549,0
307,-10.328183,3.8046815,0
308,7.7393084,-0.17532389,0
309,-0.67053694,-10.502456,0
310,13.209259,-4.2026215,0
311,1.9050219,11.308397,0
312,14.248556,-2.6843083,0
313,0.33266318,-10.905808,0
314,-0.7591915,-5.942982,0
315,1.8732619,-5.5168557,0
316,0.17308347,-11.684422,0
317,1.3689555,-6.2634344,0
318,1.1446294,-11.258854,0
319,16.28831,-12.156854,0
