0,1,Y
5.4842844,-3.6095822,0
0.7156374,3.4690976,1
-1.1554618,6.3094006,1
2.7044795,-7.749706,0
-0.4977364,6.4707074,1
15.418957,-5.0934544,0
-1.8968004,-8.706647,0
8.585639,-8.968823,1
-2.5388997,10.542319,0
-3.782825,5.9930367,1
15.296603,-5.8476033,0
2.4870207,-8.248376,0
3.2897115,-8.0715065,0
0.7928846,6.343025,1
3.4276946,-4.3020325,0
9.155846,-2.0757916,0
-14.6894245,4.223922,1
8.162537,-2.6429365,0
-2.5339916,4.3185544,1
3.2468798,-9.607715,0
7.472118,-10.377506,0
-9.311385,2.9216886,1
3.5237691,-7.8757873,0
-1.1838673,5.38712,1
4.327651,0.038663067,0
6.5320187,-8.207617,1
5.113136,0.20363113,0
-0.75938296,-9.001384,0
-11.012648,9.029384,1
7.342507,-10.997362,0
-7.5553384,-3.8750226,0
-2.0428443,4.424574,1
-0.8573343,6.538554,1
-6.7757006,4.8308725,1
5.527805,-6.1443887,0
-0.027468363,-3.172355,0
-7.6486254,-3.4105072,0
-2.8515291,-2.579218,0
5.80449,-4.142707,0
-5.415701,-0.93503535,1
2.184194,-5.975349,0
-4.893997,6.157659,1
7.474373,-10.648646,0
11.108843,0.6055474,0
-7.091652,11.926913,1
1.4288536,1.2827282,0
-2.3144228,4.8105006,1
-14.7417755,3.9950032,1
12.213228,1.7724771,0
-15.753028,3.309108,1
-11.466103,7.8153343,1
6.5513515,-1.8166906,0
-1.4706161,2.5994806,1
4.8814464,0.3334195,0
-1.0062375,5.5493217,1
-4.4850864,3.1300287,1
7.935142,1.9759138,0
2.7823572,5.1751456,0
-1.0620519,-8.921504,0
1.920229,-5.9691505,0
12.139337,1.4415014,0
7.8525357,-9.352943,1
-0.81584495,-10.013893,0
6.8568177,-7.2383637,1
4.129187,-8.141827,0
-15.638533,4.1452513,1
11.82841,0.78948265,0
-6.4545217,-5.1922364,0
4.5184135,-4.2764797,0
-7.027119,4.2618747,1
6.704676,6.855723,0
-11.201761,7.7600465,1
1.2236403,-9.28942,0
0.1348268,-7.5883274,0
11.445722,0.3181038,0
6.220624,-9.371384,0
-10.344827,8.375281,1
-15.211248,3.6164117,1
-8.976178,2.921018,1
-2.915821,4.307455,1
8.020275,-8.152389,1
-0.83358127,-0.69692004,0
-2.2444003,-9.691746,0
7.5245986,-6.6721687,0
-2.677312,0.1642686,1
-5.025315,2.7863612,1
-4.738171,0.8356989,0
0.13823304,5.651351,1
-14.902731,3.1206722,1
8.328713,-8.736295,1
-15.589481,4.133889,1
0.9639532,2.5970953,1
2.3646934,-8.843046,0
11.098536,0.06629472,0
7.980157,-0.8704694,0
7.524835,-4.4824867,0
-2.1945558,1.6897668,0
-7.768519,3.983857,1
6.79975,-12.191793,1
-15.35777,3.9132771,1
-7.08473,11.918965,1
-2.672009,-8.572177,0
-5.5382457,4.5191708,1
5.160775,-0.6241448,0
-8.345978,2.2597258,1
-5.0745263,3.925066,1
9.5855,-10.032174,0
-0.900533,4.726528,1
7.707024,-0.39959082,0
-8.610739,6.5807095,1
-4.8105965,6.805335,0
6.949356,-7.9525895,0
7.2476935,-9.191957,1
-0.21045189,-9.261231,0
-11.123341,8.504984,1
-8.447885,6.3965344,1
-9.28706,2.347259,1
2.7991645,-8.635924,0
-3.2384572,3.801702,1
0.009519303,3.6005676,1
1.0225248,-7.6013427,0
-8.3851185,1.8540926,1
7.3439746,-9.053172,1
-0.5679254,6.1866765,1
-14.659924,3.5639155,1
2.9507854,-2.9389231,0
7.1073036,-2.9196086,0
6.843307,-7.969987,1
-2.1142147,5.413763,1
-1.8184973,-7.389136,0
9.331821,-2.9308553,0
-5.388397,-0.9212682,1
5.590288,-6.1432924,0
-8.38171,9.402357,1
-1.7443341,4.3792195,1
1.997054,9.0935135,0
7.4966745,-8.529966,1
2.7766137,3.232308,0
-10.323629,8.623182,1
-4.6252403,7.602714,0
1.990293,-11.747227,0
4.5973043,-9.130589,0
12.008506,2.645223,0
11.010522,-4.4446583,0
6.9819736,-8.526692,1
-2.2550733,-10.143554,0
-0.53039056,7.4605575,1
1.2835475,1.7991459,1
-8.986951,2.886275,1
3.035787,1.1674528,0
-6.362655,5.664236,1
12.10683,-7.4701033,0
-10.069647,2.2903693,1
7.9463854,3.2774909,0
-1.8632836,3.4834042,1
3.317161,-7.483201,0
-5.2386184,4.9656987,1
-2.4787767,1.9143357,0
-0.84361535,-9.053583,0
6.4029164,-8.632235,1
6.752784,-8.426903,1
8.324573,-10.3165655,0
7.6660795,-4.384358,0
-11.38319,7.8384514,1
11.806056,0.025414094,0
6.307384,-2.863873,0
8.616354,-8.266453,1
8.594858,-6.6398697,0
-3.7369123,2.7992787,0
5.8732862,-3.9419303,0
15.863151,-5.1832604,0
0.7724965,7.3066874,1
-0.34095186,5.1697736,1
-3.003026,6.79228,1
8.517085,-8.003695,1
-9.024727,1.1325955,1
7.677652,-2.6316183,0
3.768979,-4.7808566,0
-7.430421,3.7292151,1
-8.77507,2.2795017,1
8.045918,-7.780908,1
11.610219,-0.88616186,0
-5.5821424,6.9759245,0
-0.58006406,9.077656,1
-8.791649,1.3753469,1
6.8601384,-8.914977,1
4.8980994,-3.6288009,0
2.5130196,-8.684771,0
-2.9620445,2.5155883,1
-7.803753,4.718575,1
6.528018,-5.315566,0
-10.417675,8.978635,1
-11.211855,9.321081,1
0.101135045,-1.6384156,0
-2.3557343,1.447727,0
-9.724736,2.6445699,1
6.716933,7.194377,0
-0.60574913,1.6601329,1
-3.6501646,3.215468,1
-15.902313,3.7501383,1
4.34107,2.6903405,0
-11.203325,8.166416,1
-0.70182294,9.443504,1
6.053972,-8.5201845,1
-8.431122,6.3981686,1
-14.843437,3.6518273,1
-11.415684,8.322088,1
-0.26569945,-6.4984474,0
-3.849201,4.4260225,1
8.108498,-8.898735,1
7.4179306,-3.9040413,0
-3.935844,1.5626227,0
-2.7424397,3.5729022,1
8.978185,-2.9200642,0
-6.439154,3.7059803,1
8.351906,-4.440884,0
-1.7240996,-8.898811,0
2.042487,-6.030809,0
-0.42982888,-5.954468,0
6.309613,-8.980302,1
-2.7715166,4.196551,1
-11.042221,9.227863,1
-0.64394575,-8.978915,0
11.787746,0.87575537,0
-9.458969,1.9331677,1
9.159655,-5.8261385,0
-4.6748013,3.2538757,1
5.264414,-0.52106524,1
8.606957,-1.5835851,0
0.8999958,-5.8712015,0
6.948241,-9.738993,1
-8.11626,2.1987262,1
7.5292735,-7.9505835,1
-8.387902,2.6744967,1
-11.712777,8.575302,1
-2.4435515,2.4840834,0
-6.2841225,-3.5897944,0
-6.8253517,-3.772663,0
4.5467687,-0.13197252,0
-4.358539,9.243137,0
-1.6113455,7.5846777,1
3.0032551,-8.868316,0
-4.4952426,4.1545815,1
0.17365964,-1.4913682,0
-15.726425,3.3285184,1
-2.9106917,4.957167,1
9.098451,-10.618499,0
11.546516,-0.046734154,0
12.020735,1.1078545,0
-3.8275652,1.4954786,0
12.139285,-7.4098983,0
-5.289452,3.6232088,1
8.767894,-6.2139115,0
6.091855,-2.409273,0
-4.1905656,9.044005,1
-8.410796,1.4472454,1
7.9999256,-8.792979,1
0.43216738,-9.106142,0
4.7344427,-1.4515746,1
-15.214477,3.1833816,1
-1.3425218,5.4361897,1
-5.209752,3.6763601,1
5.868295,3.254885,0
-11.067778,9.041316,1
-2.0817142,4.2977753,1
3.3156075,-3.6049485,0
8.053169,-7.5041313,1
6.78787,7.28005,0
4.5263205,-0.34566417,0
11.312698,4.6392283,0
-3.0787487,4.0789247,1
-9.197318,2.5184097,1
-0.5156482,5.425606,1
-1.8580809,1.048167,0
-4.258517,4.039851,1
6.554412,-4.0736423,0
5.008384,-1.5851305,1
3.3883362,-5.2085786,0
-15.812521,3.7284083,1
7.186796,-4.94585,0
-7.763795,4.749715,1
12.108382,-7.46521,0
-7.7904305,4.565115,1
4.614474,-4.445773,0
3.466911,2.469828,0
-9.037031,1.9781549,1
8.298682,-1.628612,0
-8.519615,2.673522,1
-15.156919,3.0657296,1
-4.425651,9.395094,1
-4.0280766,5.056823,1
4.02635,0.79997146,0
-9.444007,1.8314288,1
-0.6602329,9.979644,0
-1.453725,7.3830643,1
8.266732,-11.700342,0
6.7868314,7.3770537,0
7.94613,1.8927664,0
-0.3479542,2.0680804,0
6.7813888,6.896447,0
-2.5818634,3.207888,1
-8.577222,6.5301013,1
6.474424,-4.235724,0
-15.490534,3.1747563,1
-1.6719856,-7.54037,0
0.3414773,6.3969917,1
2.1785364,-7.656529,0
5.900338,-0.16546214,1
10.92727,0.42156067,0
4.6853013,-1.3677028,1
-1.2667663,-8.99314,0
-4.688803,0.9139954,0
-14.96792,4.4555807,1
-7.066696,-3.840484,0
6.54359,-9.311502,1
-10.060239,5.348933,1
-6.4091163,4.7111893,1
-3.8778698,1.5541971,0
2.9264667,3.0358922,0
4.7972374,-6.1933775,0
