X,Y,Type
-2.0875616,-1.2964282,1
-7.5885115,2.03397,1
-3.577295,4.5359116,1
5.8433323,4.310491,1
-0.6987379,6.7583427,1
-1.7053986,-7.5810275,1
0.71950555,-7.3595185,1
9.532233,-3.075513,1
0.9493627,-6.545788,1
-5.6496973,7.1377335,1
-1.2492956,5.199928,1
-2.8121033,6.379454,1
-7.5831094,4.0956583,1
-4.6442847,3.0846508,1
-0.065473706,-2.4199436,1
1.3786914,-4.721997,1
-0.034432128,-10.283585,1
-4.294228,-9.41977,1
7.798689,3.833117,1
-5.855834,2.721354,1
-3.7211711,4.0885797,1
3.6971326,-8.41611,1
2.0331583,3.802275,1
1.0705032,-6.6764183,1
2.5961387,-6.754733,1
5.014171,-3.8536272,1
-3.0683753,6.3198104,1
3.271061,-3.5108802,1
-2.947258,-4.9738812,1
4.476169,2.8772671,1
8.911075,2.8825788,1
-4.192006,-9.260239,1
1.9587157,-5.303779,1
-3.2328908,-1.7742132,1
-1.8730111,-3.7839043,1
2.3768516,-5.019959,1
-6.363163,-3.0637043,1
1.355081,-8.724003,1
9.583008,-3.0573053,1
-5.411145,3.6334057,1
-6.5847864,-6.536655,1
-4.8568764,4.316386,1
1.8617784,2.7792377,1
0.058781702,4.4533663,1
0.18102254,-5.145898,1
-0.71273065,-6.968554,1
-0.09651877,-5.1266575,1
-3.4932396,8.274375,1
3.6806707,3.4418936,1
-9.026096,0.8252038,1
4.904158,-3.800028,1
1.989136,-7.879571,1
-5.508907,-3.2328172,1
4.5718155,-6.7841134,1
-1.7405993,-5.9507966,1
-0.095153786,-4.8764396,1
-4.536819,4.2832627,1
-2.7254162,-6.221063,1
-1.5028603,8.352329,1
4.504673,-6.779825,1
-10.013767,-4.290312,1
-6.4494324,-6.918185,1
3.136893,4.535872,1
-3.8723223,3.7311454,1
-1.6745094,5.802696,1
1.3838941,-6.693193,1
-1.2839988,-4.707254,1
-2.860633,7.3647323,1
-4.7762547,2.9674726,1
0.5105969,-1.8731953,1
1.9578472,-7.583497,1
-0.0669249,-5.8039403,1
7.590751,1.9705565,1
8.288446,-6.6597986,1
3.7372043,-5.003274,1
-3.5655115,7.9716105,1
2.7509062,2.7355072,1
3.2550278,-8.470882,1
1.6252134,-6.0478806,1
8.284973,2.0398123,1
4.7974477,-4.797351,1
8.704081,-0.29855677,1
6.239585,2.771766,1
8.873671,-0.029877735,1
8.338446,1.9388089,1
0.5157296,-6.838495,1
-0.5066071,-3.218187,1
1.8140113,-3.6247315,1
-6.676175,-6.4147916,1
-2.942934,-3.4132745,1
8.234195,-6.759729,1
2.01069,-11.502839,1
8.520393,2.8216493,1
7.821847,1.9047263,1
8.7537365,1.8094915,1
-3.7612488,3.4527435,1
0.6093141,-3.5850623,1
-4.2090926,-2.7005103,1
7.5275884,0.97278845,1
-1.2288778,-4.523505,1
-2.2316673,3.8656847,1
-2.512722,-3.8888907,1
-2.5384877,-2.8218453,1
-2.1980717,6.4237657,1
2.0048714,-11.495422,1
0.7509852,-6.1388583,1
6.3316073,-5.6818953,1
3.6295152,-6.442201,1
-0.78215563,-5.4306836,1
2.445356,-4.0592923,1
6.8499484,-3.7426314,1
-6.834469,-3.4166553,1
-2.7303393,7.6086354,1
-4.105002,-3.4173253,1
-9.964613,-4.268075,1
-4.1138773,-8.878852,1
3.730529,-4.928055,1
-1.3106931,6.7462287,1
4.498732,4.838561,1
6.929962,-2.1100633,1
-0.9208778,-8.734055,1
8.165419,-5.9376354,1
-3.1606197,-7.8123436,1
1.2438585,-8.459928,1
8.844391,1.2108756,1
-2.3052068,-7.769449,1
-2.3142738,-9.719983,1
-4.2633796,-6.912683,1
-1.5769671,-1.8003647,1
7.2376986,0.8186183,1
-0.19734462,-8.0505,1
4.571434,-1.2211909,1
-6.03463,-4.6844296,1
-8.068115,-1.5804857,1
9.187408,2.4716156,1
2.480674,-5.4628396,1
9.175709,0.33489853,1
-4.4734106,-6.059047,1
9.70786,2.241602,1
6.33449,-5.7340174,1
4.533694,6.7608814,1
-3.8866441,-7.3234067,1
-2.1103334,-10.044355,1
0.10151079,-4.0516553,1
7.0731196,-2.1098244,1
1.4618709,-2.9852579,1
8.272068,-5.5689344,1
-9.970654,-4.271085,1
-0.57966244,-6.834014,1
5.565733,-3.9492292,1
-6.022476,1.5421035,1
4.801745,6.786612,1
-1.6562384,-3.5077586,1
3.3104417,-8.978115,1
8.180931,-6.5913844,1
-9.97974,-4.2661433,1
-2.106805,-9.782292,1
8.656207,-3.4444046,1
5.3290744,-1.9532119,1
-3.2600865,-4.939403,1
-0.733454,1.496908,0
-0.44973165,-1.1766303,0
1.4762973,-0.09641126,0
1.9996375,0.59139633,0
-0.6883075,-0.560718,0
2.2846158,-3.1649446,0
5.4601216,0.69409484,0
-0.6962964,0.55956143,0
-5.6335926,-0.09283597,0
1.1813564,-1.5911372,0
-0.16135432,-1.7464919,0
0.51327676,1.4276016,0
-3.4738336,-0.25881985,0
-0.6754378,-3.812246,0
1.241441,-2.4203007,0
0.51737237,-2.5296028,0
-0.5531032,-0.82405865,0
-0.3759829,0.4612528,0
-3.8652513,-0.7552453,0
-4.281944,-1.4964021,0
-0.3060058,5.7336044,0
-6.8019047,0.20460175,0
5.035765,-2.9776092,0
2.6666853,-2.9460793,0
1.9000016,-0.10030305,0
3.4535549,1.6506573,0
-3.8326151,0.56590164,0
3.0697336,-2.823537,0
5.245919,0.59337026,0
5.2854433,0.6113017,0
1.466623,-0.033287674,0
-4.356101,1.8534225,0
-2.261966,-0.0222929,0
1.956009,0.977325,0
1.3050562,1.2263508,0
1.3739753,0.8493986,0
-4.624943,-4.469226,0
-1.504219,2.571929,0
-1.5412215,-0.68461716,0
0.8818399,-4.0925093,0
0.5985677,-3.3607495,0
-7.5875034,-0.51506287,0
-2.4593518,0.021011084,0
-1.1661563,-0.8888235,0
-3.6839416,-0.6194242,0
-3.0574985,0.31115326,0
-1.6985874,2.6356344,0
-1.4766443,4.0171432,0
0.23489982,0.70361835,0
-1.8473685,1.4755532,0
3.2815592,1.0543221,0
2.0576458,2.0204818,0
-6.4271264,5.167846,0
-3.2970815,0.8985564,0
0.32682055,0.52698153,0
-3.6030667,-0.72771525,0
2.0096374,1.213519,0
1.0639107,-0.016300412,0
1.9551373,1.2610275,0
-3.3073559,1.1045065,0
2.3768291,0.07818934,0
4.247567,2.5767994,0
1.6894447,1.9829661,0
0.9014025,-0.8442401,0
-1.2603935,-2.5399175,0
-4.0862164,-2.1578212,0
0.1833128,7.570673,0
1.4247649,-1.0109107,0
0.29460382,-0.8083038,0
-1.3718753,-0.8524523,0
-1.921456,0.5178621,0
-1.3595973,-0.7304599,0
-0.69984823,-1.6693991,0
-0.84161264,2.5124924,0
-0.17777538,1.9645855,0
-4.923093,-2.147421,0
0.5145242,-0.2660618,0
-3.35757,2.8163188,0
-0.040593166,-0.08465901,0
-2.0339742,-0.8346315,0
2.0246477,-0.055839226,0
-4.8176384,-1.0135599,0
-1.6106501,4.508785,0
-5.149672,-0.967355,0
-0.3047749,3.706507,0
-2.6284368,1.6688528,0
-2.6537545,1.5437144,0
-4.420834,0.33583313,0
1.3547772,0.13976973,0
-0.1413256,-2.1652627,0
5.2036467,0.59595,0
-7.1266294,-1.038497,0
-7.3047614,1.9946148,0
1.0122572,6.509922,0
2.2999861,-2.9530942,0
-1.6103512,6.514774,0
0.07198118,-1.1259172,0
1.6992073,0.020591052,0
1.799212,1.8424976,0
2.930238,0.295209,0
2.5848784,-0.55769575,0
3.8558095,-0.44902274,0
-1.8969662,-2.2990975,0
-3.9540584,-1.7947662,0
4.0094995,-0.50041074,0
-6.963234,-1.548132,0
-2.4401596,4.870027,0
0.03249586,2.5143254,0
-5.9086146,-1.8910527,0
-4.538229,-1.5613644,0
1.903346,5.5513196,0
-2.9584682,0.17347829,0
1.8728935,-0.8359003,0
-2.3307698,2.2438328,0
-3.5873942,4.295706,0
-3.3065495,2.1846042,0
-3.9690866,7.8344827,0
-5.17759,1.2619613,0
-1.4835318,1.1524811,0
2.7388105,-1.9665283,0
1.675569,-0.6986127,0
-5.697996,-2.1042736,0
5.1292152,0.5549446,0
2.11275,-2.1380937,0
2.253246,-2.1325028,0
-2.467854,0.9101694,0
-4.4774275,6.0024743,0
0.49210134,0.21385325,0
-4.5587387,0.56241804,0
-2.0479164,3.5620224,0
-1.6042415,7.969911,0
-4.191949,2.0736663,0
-7.0310497,-0.97178274,0
1.2321194,5.5591655,0
-4.784664,5.725552,0
-1.0848554,0.81738234,0
-0.5575113,1.5551703,0
3.5624855,1.7218345,0
0.6495642,2.161445,0
-3.7371225,1.304622,0
5.875775,-8.511945,0
1.200158,7.0053654,0
-5.12121,1.997571,0
-4.141832,-0.9250235,0
3.0831063,-0.6334008,0
-4.445059,5.9945602,0
-0.6869258,1.3737156,0
2.398952,6.7331247,0
-7.019672,-0.6824924,0
-0.94329506,3.6744897,0
3.6481376,-2.4747934,0
5.9668555,-0.90649176,0
-2.4030912,3.1552973,0
5.8102674,-8.438289,0
3.7154226,-1.7061979,0
-0.5061328,-2.2728705,0
-4.725246,-4.644461,0
0.3556681,5.626673,0
3.3674421,-2.9599109,0
0.8711674,3.3454213,0
